id,created_at,market,source,vin,make,model,trim,year,body_style,drivetrain,engine,cylinders,doors,seats,fuel,transmission,exterior_color,interior_color,price_usd,mileage_mi,carfax_url,vdp_url,primary_image_url,dealer_name,city,state,zip_code,is_used,is_cpo,is_online,is_wholesale,accident_count,has_accidents,owner_count,one_owner,personal_use,usage_type,car_age,price_per_mile,listing_age_days
https://api.auto.dev/listings/W1K6G6DB1PA175517,2026-03-06 16:21:19+00:00,US,auto.dev,W1K6G6DB1PA175517,mercedes-benz,s,S 500 4MATIC,2023,car,awd,3.0L 6Cyl premium unleaded (required),6,4,5,premium unleaded (required),automatic,Black,Black,66833,32243,https://www.carfax.com/VehicleHistory/p/Report.cfx?vin=W1K6G6DB1PA175517&partner=FRD_2,http://details.vast.com/details/cars/ob-48ae10cec45c5264c0c05239af7ac2c3eda678223f9171ac63be6a3107cd3db63b027b96ef83ac88fd6ccb42933d4f3c6bf26f82a637df6dbf6160746a741de2ca1d4b3dae50f45383b1209da71adc68f0b32a8f962a5dcc2bad0dbd762e9a8dbaf2c39f615a1a695025ccd035d452b51a015077c28df814c6ae254e205e6b8afb7f16011f22412ebedeee38685f0721f74c31246e538ff42db94d2ceb09e6950fb15e40f90d9a2a0fa486f173a58cc4/?pl=74&context=1e0d811633d20dd94c351375e543927eda3d8b1a,https://retail.photos.vin/W1K6G6DB1PA175517-1.jpg,House of Imports,Buena Park,ca,90621,True,True,True,,0,False,1,True,,Corporate Use,3,2.072790993393915,45
https://api.auto.dev/listings/W1K6G6DB2PA173890,2026-03-17 15:41:40+00:00,US,auto.dev,W1K6G6DB2PA173890,mercedes-benz,s,S 500 4MATIC,2023,car,awd,3.0L 6Cyl premium unleaded (required),6,4,5,premium unleaded (required),automatic,Graphite Grey,Black,65733,47323,https://www.carfax.com/VehicleHistory/p/Report.cfx?vin=W1K6G6DB2PA173890&partner=FRD_2,http://details.vast.com/details/cars/ob-48ae10cec45c5264c0c05239af7ac2c3eda678223f9171ac63be6a3107cd3db63b027b96ef83ac88fd6ccb42933d4f3c6bf26f82a637df6dbf6160746a741de2f9098ce3afdb190cd91086edbb9bb10af6112d296ea2200949c680b0d125c6dcf4f9c29ac9cf238a8046f39d8a8725d18d0f8d72e8f8291b10ef18b7962f0a30de5f4389b1cc2c773ae6b28b499c8f0c7b6ad524e9eb26f1797633f545ec82dae17dfe46c2bf13d50b6d06975724cf63/?pl=76&context=1e0d811633d20dd94c351375e543927eda3d8b1a,https://retail.photos.vin/W1K6G6DB2PA173890-1.jpg,House of Imports,Buena Park,ca,90621,True,True,True,,0,False,1,True,,Corporate Use,3,1.3890285907486846,34
https://api.auto.dev/listings/W1K6G6DB4NA092001,2026-03-12 19:33:10+00:00,US,auto.dev,W1K6G6DB4NA092001,mercedes-benz,s,S 500 4MATIC,2022,car,awd,3.0L 6Cyl premium unleaded (required),6,4,5,premium unleaded (required),automatic,MANUFAKTUR Diamond White,Black,61767,29049,https://www.carfax.com/VehicleHistory/p/Report.cfx?vin=W1K6G6DB4NA092001&partner=FRD_2,http://details.vast.com/details/cars/ob-48ae10cec45c5264c0c05239af7ac2c3eda678223f9171ac63be6a3107cd3db63b027b96ef83ac88fd6ccb42933d4f3c6bf26f82a637df6dbf6160746a741de291f362decd9e04c71242672dc94e7921aa5223ab48012db1c961900b0a6e5b9ebaf2c39f615a1a695025ccd035d452b51a015077c28df814c6ae254e205e6b8afb7f16011f22412ebedeee38685f0721f74c31246e538ff42db94d2ceb09e6950fb15e40f90d9a2a0fa486f173a58cc4/?pl=83&context=1e0d811633d20dd94c351375e543927eda3d8b1a,https://retail.photos.vin/W1K6G6DB4NA092001-1.jpg,House of Imports,Buena Park,ca,90621,True,True,True,,0,False,1,True,True,Personal Use,4,2.126303831457193,39
https://api.auto.dev/listings/W1K6G6DB5PA184866,2026-03-06 16:21:01+00:00,US,auto.dev,W1K6G6DB5PA184866,mercedes-benz,s,S 500 4MATIC,2023,car,awd,3.0L 6Cyl premium unleaded (required),6,4,5,premium unleaded (required),automatic,Graphite Grey,Black,67833,29031,https://www.carfax.com/VehicleHistory/p/Report.cfx?vin=W1K6G6DB5PA184866&partner=FRD_2,http://details.vast.com/details/cars/ob-48ae10cec45c5264c0c05239af7ac2c3eda678223f9171ac63be6a3107cd3db63b027b96ef83ac88fd6ccb42933d4f3c6bf26f82a637df6dbf6160746a741de25ec1813344483a9665ccfdfb7b652bcc5e687dbbf6528abcdb14e3bb8624ab13f4f9c29ac9cf238a8046f39d8a8725d18d0f8d72e8f8291b10ef18b7962f0a30de5f4389b1cc2c773ae6b28b499c8f0c7b6ad524e9eb26f1797633f545ec82dae17dfe46c2bf13d50b6d06975724cf63/?pl=73&context=1e0d811633d20dd94c351375e543927eda3d8b1a,https://retail.photos.vin/W1K6G6DB5PA184866-1.jpg,House of Imports,Buena Park,ca,90621,True,True,True,,0,False,1,True,,Corporate Use,3,2.336571251420895,45
https://api.auto.dev/listings/W1K6G6DB9TA353569,2026-01-14 15:43:10+00:00,US,auto.dev,W1K6G6DB9TA353569,mercedes-benz,s,S 500 4MATIC,2026,car,awd,3.0L 6Cyl premium unleaded (required),6,4,5,premium unleaded (required),automatic,MANUFAKTUR Moonlight White Metallic,Black,135980,10,https://www.carfax.com/VehicleHistory/p/Report.cfx?vin=W1K6G6DB9TA353569&partner=FRD_2,http://details.vast.com/details/cars/ob-48ae10cec45c5264c0c05239af7ac2c3eda678223f9171ac63be6a3107cd3db63b027b96ef83ac88fd6ccb42933d4f3c6bf26f82a637df6dbf6160746a741de2a9c1451aa6ff94b6d5d036003709def1f815efb1cd13b330f369af9317c859d4f4f9c29ac9cf238a8046f39d8a8725d18d0f8d72e8f8291b10ef18b7962f0a30de5f4389b1cc2c773ae6b28b499c8f0c7b6ad524e9eb26f1797633f545ec82dae17dfe46c2bf13d50b6d06975724cf63/?pl=3&context=1e0d811633d20dd94c351375e543927eda3d8b1a,https://retail.photos.vin/W1K6G6DB9TA353569-1.jpg,Mercedes-Benz of Stevens Creek,San Jose,ca,95129,True,False,True,,0,False,0,False,,,0,13598.0,96
https://api.auto.dev/listings/W1K6G6KB2SA334833,2026-02-28 15:31:27+00:00,US,auto.dev,W1K6G6KB2SA334833,mercedes-benz,s,S 580e 4MATIC,2025,car,awd,3.0L 6Cyl premium unleaded (required),6,4,5,premium unleaded (required),automatic,Obsidian Black Metallic,Black,107312,2726,https://www.carfax.com/VehicleHistory/p/Report.cfx?vin=W1K6G6KB2SA334833&partner=FRD_2,http://details.vast.com/details/cars/ob-48ae10cec45c5264c0c05239af7ac2c3eda678223f9171ac63be6a3107cd3db63b027b96ef83ac88fd6ccb42933d4f3c6bf26f82a637df6dbf6160746a741de25e183deced7c3971d2f21a13061f8989b898faec7d6b91faf4ee927f4ea893865389e16964ae54bad58eb1bdabed6f6c077a0b9396c762ca6b68a35bc690f63d2c96afd4105ab14f0577db54df3cc0a9e592a92ce597bd7ebaf00d7bc86d808c645d657119c959ac3fdc4e0ec117c503/?pl=53&context=1e0d811633d20dd94c351375e543927eda3d8b1a,https://retail.photos.vin/W1K6G6KB2SA334833-1.jpg,Mercedes-Benz of Hunt Valley,Cockeysville,md,21030,True,True,True,,0,False,1,True,True,Personal Use,1,39.36610418195158,51
https://api.auto.dev/listings/W1K6G6KB3SA316339,2026-03-13 23:18:13+00:00,US,auto.dev,W1K6G6KB3SA316339,mercedes-benz,s,S 580e 4MATIC,2025,car,awd,3.0L 6Cyl premium unleaded (required),6,4,5,premium unleaded (required),automatic,MANUFAKTUR Moonlight White Magno,Black,100749,21206,https://www.carfax.com/VehicleHistory/p/Report.cfx?vin=W1K6G6KB3SA316339&partner=FRD_2,http://details.vast.com/details/cars/ob-48ae10cec45c5264c0c05239af7ac2c3eda678223f9171ac63be6a3107cd3db63b027b96ef83ac88fd6ccb42933d4f3c6bf26f82a637df6dbf6160746a741de2abf47565a6e471af9a075493365489a8b27c26c57ad45c65bc6f8d097ef65f6fbaf2c39f615a1a695025ccd035d452b51a015077c28df814c6ae254e205e6b8afb7f16011f22412ebedeee38685f0721f74c31246e538ff42db94d2ceb09e6950fb15e40f90d9a2a0fa486f173a58cc4/?pl=57&context=1e0d811633d20dd94c351375e543927eda3d8b1a,https://retail.photos.vin/W1K6G6KB3SA316339-1.jpg,Mercedes-Benz of Coconut Creek,Coconut Creek,fl,33073,True,True,True,,0,False,1,True,True,Personal Use,1,4.750966707535604,37
https://api.auto.dev/listings/W1K6G6KB5PA202446,2026-03-20 15:15:26+00:00,US,auto.dev,W1K6G6KB5PA202446,mercedes-benz,s,S 580e 4MATIC,2023,car,awd,3.0L 6Cyl premium unleaded (required),6,4,5,premium unleaded (required),automatic,Graphite Grey,Black,84729,4701,https://www.carfax.com/VehicleHistory/p/Report.cfx?vin=W1K6G6KB5PA202446&partner=FRD_2,http://details.vast.com/details/cars/ob-48ae10cec45c5264c0c05239af7ac2c3eda678223f9171ac63be6a3107cd3db63b027b96ef83ac88fd6ccb42933d4f3c6bf26f82a637df6dbf6160746a741de2017683382e6b9410944521e3660641a1eb00141a8bb10fa48a259e5fa2ef338bbaf2c39f615a1a695025ccd035d452b51a015077c28df814c6ae254e205e6b8afb7f16011f22412ebedeee38685f0721f74c31246e538ff42db94d2ceb09e6950fb15e40f90d9a2a0fa486f173a58cc4/?pl=70&context=1e0d811633d20dd94c351375e543927eda3d8b1a,https://retail.photos.vin/W1K6G6KB5PA202446-1.jpg,Mercedes-Benz of Bellevue,Bellevue,wa,98005,True,False,True,,0,False,0,False,,Vehicle Use,3,18.02361199744735,31
https://api.auto.dev/listings/W1K6G6KB5PA205332,2026-03-13 15:09:02+00:00,US,auto.dev,W1K6G6KB5PA205332,mercedes-benz,s,S 580e 4MATIC,2023,car,awd,3.0L 6Cyl premium unleaded (required),6,4,5,premium unleaded (required),automatic,MANUFAKTUR Diamond White,Black,78990,20995,https://www.carfax.com/VehicleHistory/p/Report.cfx?vin=W1K6G6KB5PA205332&partner=FRD_2,http://details.vast.com/details/cars/ob-48ae10cec45c5264c0c05239af7ac2c3eda678223f9171ac63be6a3107cd3db63b027b96ef83ac88fd6ccb42933d4f3c6bf26f82a637df6dbf6160746a741de235281a159fa1ceb4e3fe172f0d47f3c3eaf00b7e033aebda43639c989279a177f4f9c29ac9cf238a8046f39d8a8725d18d0f8d72e8f8291b10ef18b7962f0a30de5f4389b1cc2c773ae6b28b499c8f0c7b6ad524e9eb26f1797633f545ec82dae17dfe46c2bf13d50b6d06975724cf63/?pl=83&context=1e0d811633d20dd94c351375e543927eda3d8b1a,https://retail.photos.vin/W1K6G6KB5PA205332-1.jpg,Mercedes-Benz of Fort Lauderdale,Ft. Lauderdale,fl,33316,True,True,True,,0,False,2,False,True,Personal Use,3,3.762324362943558,38
https://api.auto.dev/listings/W1K6G7GB0PA167359,2026-03-16 19:21:25+00:00,US,auto.dev,W1K6G7GB0PA167359,mercedes-benz,s,S 580 4MATIC,2023,car,awd,4.0L 8Cyl premium unleaded (required),8,4,5,premium unleaded (required),automatic,MANUFAKTUR Selenite Grey Magno,Black,79995,21156,https://www.carfax.com/VehicleHistory/p/Report.cfx?vin=W1K6G7GB0PA167359&partner=FRD_2,http://details.vast.com/details/cars/ob-48ae10cec45c5264c0c05239af7ac2c3eda678223f9171ac63be6a3107cd3db63b027b96ef83ac88fd6ccb42933d4f3c6bf26f82a637df6dbf6160746a741de2f30035dd344aed9e25c07be036b2a8d5d3c7a5532a8ff07c744c1ed12929d233f4f9c29ac9cf238a8046f39d8a8725d18d0f8d72e8f8291b10ef18b7962f0a30de5f4389b1cc2c773ae6b28b499c8f0c7b6ad524e9eb26f1797633f545ec82dae17dfe46c2bf13d50b6d06975724cf63/?pl=78&context=1e0d811633d20dd94c351375e543927eda3d8b1a,https://retail.photos.vin/W1K6G7GB0PA167359-1.jpg,BMW of Fremont,Fremont,ca,94538,True,False,True,,0,False,2,False,True,Personal Use,3,3.781196823596143,35
https://api.auto.dev/listings/W1K6G7GB0PA190866,2026-03-14 15:15:35+00:00,US,auto.dev,W1K6G7GB0PA190866,mercedes-benz,s,S 580 4MATIC,2023,car,awd,4.0L 8Cyl premium unleaded (required),8,4,5,premium unleaded (required),automatic,Emerald Green,Sienna Brown/Black,79495,22483,https://www.carfax.com/VehicleHistory/p/Report.cfx?vin=W1K6G7GB0PA190866&partner=FRD_2,http://details.vast.com/details/cars/ob-48ae10cec45c5264c0c05239af7ac2c3eda678223f9171ac63be6a3107cd3db63b027b96ef83ac88fd6ccb42933d4f3c6bf26f82a637df6dbf6160746a741de2e81b61a6d300d65da3109970713bdca11c8813fa7d387c31c2ba36fad1e322a3baf2c39f615a1a695025ccd035d452b51a015077c28df814c6ae254e205e6b8afb7f16011f22412ebedeee38685f0721f74c31246e538ff42db94d2ceb09e6950fb15e40f90d9a2a0fa486f173a58cc4/?pl=80&context=1e0d811633d20dd94c351375e543927eda3d8b1a,https://retail.photos.vin/W1K6G7GB0PA190866-1.jpg,Mercedes-Benz of Miami,Miami,fl,33169,True,True,True,,1,True,1,True,True,Personal Use,3,3.535782591291198,37
https://api.auto.dev/listings/W1K6G7GB1SA323210,2026-02-27 15:49:39+00:00,US,auto.dev,W1K6G7GB1SA323210,mercedes-benz,s,S 580 4MATIC,2025,car,awd,4.0L 8Cyl premium unleaded (required),8,4,5,premium unleaded (required),automatic,Obsidian Black Metallic,Black,112602,10655,https://www.carfax.com/VehicleHistory/p/Report.cfx?vin=W1K6G7GB1SA323210&partner=FRD_2,http://details.vast.com/details/cars/ob-48ae10cec45c5264c0c05239af7ac2c3eda678223f9171ac63be6a3107cd3db63b027b96ef83ac88fd6ccb42933d4f3c6bf26f82a637df6dbf6160746a741de2f32500a5600f04cb0bee5b5c06a0a11994982f213284bae5d55d74dda291eaa2baf2c39f615a1a695025ccd035d452b51a015077c28df814c6ae254e205e6b8afb7f16011f22412ebedeee38685f0721f74c31246e538ff42db94d2ceb09e6950fb15e40f90d9a2a0fa486f173a58cc4/?pl=47&context=1e0d811633d20dd94c351375e543927eda3d8b1a,https://retail.photos.vin/W1K6G7GB1SA323210-1.jpg,Mercedes-Benz of Houston North,Houston,tx,77090,True,True,True,,0,False,1,True,True,Personal Use,1,10.567996245893946,52
https://api.auto.dev/listings/W1K6G7GB1TA365250,2025-11-08 15:43:09+00:00,US,auto.dev,W1K6G7GB1TA365250,mercedes-benz,s,S 580 4MATIC,2026,car,awd,4.0L 8Cyl premium unleaded (required),8,4,5,premium unleaded (required),automatic,MANUFAKTUR Graphite Metallic,Silver Grey/Black,130155,10,https://www.carfax.com/VehicleHistory/p/Report.cfx?vin=W1K6G7GB1TA365250&partner=FRD_2,http://details.vast.com/details/cars/ob-48ae10cec45c5264c0c05239af7ac2c3eda678223f9171ac63be6a3107cd3db63b027b96ef83ac88fd6ccb42933d4f3c6bf26f82a637df6dbf6160746a741de2e0023aa1a9cfeb2f7b3b3fa1fd28da069f7e3d2e539a61ffce71fd0793b921fcbaf2c39f615a1a695025ccd035d452b51a015077c28df814c6ae254e205e6b8afb7f16011f22412ebedeee38685f0721f74c31246e538ff42db94d2ceb09e6950fb15e40f90d9a2a0fa486f173a58cc4/?pl=85&context=1e0d811633d20dd94c351375e543927eda3d8b1a,https://retail.photos.vin/W1K6G7GB1TA365250-1.jpg,House of Imports,Buena Park,ca,90621,True,False,True,,0,False,0,False,,,0,13015.5,163
https://api.auto.dev/listings/W1K6G7GB2TA362518,2025-10-18 15:57:41+00:00,US,auto.dev,W1K6G7GB2TA362518,mercedes-benz,s,S 580 4MATIC,2026,car,awd,4.0L 8Cyl premium unleaded (required),8,4,5,premium unleaded (required),automatic,MANUFAKTUR Kalahari Gold Magno,Macchiato Beige/Black,130055,9,https://www.carfax.com/VehicleHistory/p/Report.cfx?vin=W1K6G7GB2TA362518&partner=FRD_2,http://details.vast.com/details/cars/ob-48ae10cec45c5264c0c05239af7ac2c3eda678223f9171ac63be6a3107cd3db63b027b96ef83ac88fd6ccb42933d4f3c6bf26f82a637df6dbf6160746a741de2d441aec3e0f0e86c70a67ffe9d593df701490ec581c78e6af5adb105e19333cfbaf2c39f615a1a695025ccd035d452b51a015077c28df814c6ae254e205e6b8afb7f16011f22412ebedeee38685f0721f74c31246e538ff42db94d2ceb09e6950fb15e40f90d9a2a0fa486f173a58cc4/?pl=88&context=1e0d811633d20dd94c351375e543927eda3d8b1a,https://retail.photos.vin/W1K6G7GB2TA362518-1.jpg,House of Imports,Buena Park,ca,90621,True,False,True,,0,False,0,False,,,0,14450.555555555557,184
https://api.auto.dev/listings/W1K6G7GB3NA096140,2026-03-18 23:54:40+00:00,US,auto.dev,W1K6G7GB3NA096140,mercedes-benz,s,S 580 4MATIC,2022,car,awd,4.0L 8Cyl premium unleaded (required),8,4,5,premium unleaded (required),automatic,Nautical Blue Metallic,Macchiato/Magma Grey,71992,14144,https://www.carfax.com/VehicleHistory/p/Report.cfx?vin=W1K6G7GB3NA096140&partner=FRD_2,http://details.vast.com/details/cars/ob-48ae10cec45c5264c0c05239af7ac2c3eda678223f9171ac63be6a3107cd3db63b027b96ef83ac88fd6ccb42933d4f3c6bf26f82a637df6dbf6160746a741de2b2096c7285bdee0cf7bd74e19a4dcb55dd44d0fef03098ace34167feb6d13bc2baf2c39f615a1a695025ccd035d452b51a015077c28df814c6ae254e205e6b8afb7f16011f22412ebedeee38685f0721f74c31246e538ff42db94d2ceb09e6950fb15e40f90d9a2a0fa486f173a58cc4/?pl=3&context=1e0d811633d20dd94c351375e543927eda3d8b1a,https://retail.photos.vin/W1K6G7GB3NA096140-1.jpg,Mercedes-Benz of South Bay,Torrance,ca,90505,True,False,True,,1,True,1,True,True,Personal Use,4,5.089932126696833,32
https://api.auto.dev/listings/W1K6G7GB3PA235508,2026-02-26 00:26:09+00:00,US,auto.dev,W1K6G7GB3PA235508,mercedes-benz,s,S 580 4MATIC,2023,car,awd,4.0L 8Cyl premium unleaded (required),8,4,5,premium unleaded (required),automatic,Nautical Blue,Macchiato Beige/Grey,85595,13277,https://www.carfax.com/VehicleHistory/p/Report.cfx?vin=W1K6G7GB3PA235508&partner=FRD_2,http://details.vast.com/details/cars/ob-48ae10cec45c5264c0c05239af7ac2c3eda678223f9171ac63be6a3107cd3db63b027b96ef83ac88fd6ccb42933d4f3c6bf26f82a637df6dbf6160746a741de2bbe48c68dbf0695a05a7618bdd05386a7922eb3ae87153283cb5a67423c1d885baf2c39f615a1a695025ccd035d452b51a015077c28df814c6ae254e205e6b8afb7f16011f22412ebedeee38685f0721f74c31246e538ff42db94d2ceb09e6950fb15e40f90d9a2a0fa486f173a58cc4/?pl=68&context=1e0d811633d20dd94c351375e543927eda3d8b1a,https://retail.photos.vin/W1K6G7GB3PA235508-1.jpg,Mercedes-Benz of Pembroke Pines,Pembroke Pines,fl,33027,True,True,True,,0,False,1,True,True,Personal Use,3,6.446862996158771,53
https://api.auto.dev/listings/W1K6G7GB5PA178812,2026-03-12 23:37:00+00:00,US,auto.dev,W1K6G7GB5PA178812,mercedes-benz,s,S 580 4MATIC,2023,car,awd,4.0L 8Cyl premium unleaded (required),8,4,5,premium unleaded (required),automatic,MANUFAKTUR Diamond White,Macchiato Beige/Grey,78998,34475,https://www.carfax.com/VehicleHistory/p/Report.cfx?vin=W1K6G7GB5PA178812&partner=FRD_2,http://details.vast.com/details/cars/ob-48ae10cec45c5264c0c05239af7ac2c3eda678223f9171ac63be6a3107cd3db63b027b96ef83ac88fd6ccb42933d4f3c6bf26f82a637df6dbf6160746a741de2fca0b30c7331decdfc88af269c6dbf71368a62665214df57ca7c0727d68dcd4ff4f9c29ac9cf238a8046f39d8a8725d18d0f8d72e8f8291b10ef18b7962f0a30de5f4389b1cc2c773ae6b28b499c8f0c7b6ad524e9eb26f1797633f545ec82dae17dfe46c2bf13d50b6d06975724cf63/?pl=82&context=1e0d811633d20dd94c351375e543927eda3d8b1a,https://retail.photos.vin/W1K6G7GB5PA178812-1.jpg,Mercedes-Benz of Stevens Creek,San Jose,ca,95129,True,True,True,,0,False,1,True,True,Personal Use,3,2.29145757795504,38
https://api.auto.dev/listings/W1K6G7GB6MA038490,2026-03-16 15:04:06+00:00,US,auto.dev,W1K6G7GB6MA038490,mercedes-benz,s,S 580 4MATIC,2021,car,awd,4.0L 8Cyl premium unleaded (required),8,4,5,premium unleaded (required),automatic,Rubellite Red,Macchiato/Magma grey,60990,32996,https://www.carfax.com/VehicleHistory/p/Report.cfx?vin=W1K6G7GB6MA038490&partner=FRD_2,#2232695122516113746,https://retail.photos.vin/W1K6G7GB6MA038490-1.jpg,Mercedes-Benz of Wesley Chapel,Wesley Chapel,fl,33544,True,False,True,,0,False,1,True,True,Personal Use,5,1.848405867377864,35
https://api.auto.dev/listings/W1K6G7GB6NA098500,2026-03-17 23:02:31+00:00,US,auto.dev,W1K6G7GB6NA098500,mercedes-benz,s,S 580 4MATIC,2022,car,awd,4.0L 8Cyl premium unleaded (required),8,4,5,premium unleaded (required),automatic,Graphite Grey,Black,72699,16832,https://www.carfax.com/VehicleHistory/p/Report.cfx?vin=W1K6G7GB6NA098500&partner=FRD_2,http://details.vast.com/details/cars/ob-48ae10cec45c5264c0c05239af7ac2c3eda678223f9171ac63be6a3107cd3db63b027b96ef83ac88fd6ccb42933d4f3c6bf26f82a637df6dbf6160746a741de228f481ebd1922f7fae9b05b8a68c3ee30876b150505034abd92ab74359eb3cadf4f9c29ac9cf238a8046f39d8a8725d18d0f8d72e8f8291b10ef18b7962f0a30de5f4389b1cc2c773ae6b28b499c8f0c7b6ad524e9eb26f1797633f545ec82dae17dfe46c2bf13d50b6d06975724cf63/?pl=0&context=1e0d811633d20dd94c351375e543927eda3d8b1a,https://retail.photos.vin/W1K6G7GB6NA098500-1.jpg,AutoNation Nissan Tempe,Tempe,az,85284,True,False,True,,0,False,1,True,True,Personal Use,4,4.31909458174905,33
https://api.auto.dev/listings/W1K6G7GB6SA317077,2026-02-14 00:20:08+00:00,US,auto.dev,W1K6G7GB6SA317077,mercedes-benz,s,S 580 4MATIC,2025,car,awd,4.0L 8Cyl premium unleaded (required),8,4,5,premium unleaded (required),automatic,MANUFAKTUR Moonlight White Metallic,Black,114750,4226,https://www.carfax.com/VehicleHistory/p/Report.cfx?vin=W1K6G7GB6SA317077&partner=FRD_2,http://details.vast.com/details/cars/ob-48ae10cec45c5264c0c05239af7ac2c3eda678223f9171ac63be6a3107cd3db63b027b96ef83ac88fd6ccb42933d4f3c6bf26f82a637df6dbf6160746a741de21b902f0c3c4ca9387683dd4e1157c3db7e12fbd26b0812504f879d05b4aa3d4ebaf2c39f615a1a695025ccd035d452b51a015077c28df814c6ae254e205e6b8afb7f16011f22412ebedeee38685f0721f74c31246e538ff42db94d2ceb09e6950fb15e40f90d9a2a0fa486f173a58cc4/?pl=46&context=1e0d811633d20dd94c351375e543927eda3d8b1a,https://retail.photos.vin/W1K6G7GB6SA317077-1.jpg,Mercedes-Benz of Delray,Delray Beach,fl,33444,True,False,True,,0,False,1,True,True,Personal Use,1,27.15333648840511,65
https://api.auto.dev/listings/W1K6G7GB6TA349450,2025-12-14 08:35:56+00:00,US,auto.dev,W1K6G7GB6TA349450,mercedes-benz,s,S 580 4MATIC,2026,car,awd,4.0L 8Cyl premium unleaded (required),8,4,5,premium unleaded (required),automatic,MANUFAKTUR Moonlight White Magno,Black,137352,5,https://www.carfax.com/VehicleHistory/p/Report.cfx?vin=W1K6G7GB6TA349450&partner=FRD_2,http://details.vast.com/details/cars/ob-48ae10cec45c5264c0c05239af7ac2c3eda678223f9171ac63be6a3107cd3db63b027b96ef83ac88fd6ccb42933d4f3c6bf26f82a637df6dbf6160746a741de25ccc7e039e247bfc2c0a94e8cab4738e028ba68c65f81c6a289191badd9db9b3baf2c39f615a1a695025ccd035d452b51a015077c28df814c6ae254e205e6b8afb7f16011f22412ebedeee38685f0721f74c31246e538ff42db94d2ceb09e6950fb15e40f90d9a2a0fa486f173a58cc4/?pl=16&context=1e0d811633d20dd94c351375e543927eda3d8b1a,https://retail.photos.vin/W1K6G7GB6TA349450-1.jpg,Mercedes-Benz of South Bay,Torrance,ca,90505,True,False,True,,0,False,0,False,,,0,27470.4,127
https://api.auto.dev/listings/W1K6G7GB7MA033301,2026-03-14 15:06:17+00:00,US,auto.dev,W1K6G7GB7MA033301,mercedes-benz,s,S 580 4MATIC,2021,car,awd,4.0L 8Cyl premium unleaded (required),8,4,5,premium unleaded (required),automatic,designo Diamond White,Macchiato/Magma Grey,60598,39450,https://www.carfax.com/VehicleHistory/p/Report.cfx?vin=W1K6G7GB7MA033301&partner=FRD_2,http://details.vast.com/details/cars/ob-48ae10cec45c5264c0c05239af7ac2c3eda678223f9171ac63be6a3107cd3db63b027b96ef83ac88fd6ccb42933d4f3c6bf26f82a637df6dbf6160746a741de2d8c4bde1a28cec66b7b586b23952f2a9d3eadc81956307c214b6b32c3318cfa2f4f9c29ac9cf238a8046f39d8a8725d18d0f8d72e8f8291b10ef18b7962f0a30de5f4389b1cc2c773ae6b28b499c8f0c7b6ad524e9eb26f1797633f545ec82dae17dfe46c2bf13d50b6d06975724cf63/?pl=27&context=1e0d811633d20dd94c351375e543927eda3d8b1a,https://retail.photos.vin/W1K6G7GB7MA033301-1.jpg,AutoNation Ford Margate,Margate,fl,33063,True,False,True,,0,False,2,False,True,Personal Use,5,1.5360709759188846,37
https://api.auto.dev/listings/W1K6G7GB7TA357105,2025-09-15 05:33:38+00:00,US,auto.dev,W1K6G7GB7TA357105,mercedes-benz,s,S 580 4MATIC,2026,car,awd,4.0L 8Cyl premium unleaded (required),8,4,5,premium unleaded (required),automatic,Obsidian Black Metallic,Black,125830,10,https://www.carfax.com/VehicleHistory/p/Report.cfx?vin=W1K6G7GB7TA357105&partner=FRD_2,http://details.vast.com/details/cars/ob-48ae10cec45c5264c0c05239af7ac2c3eda678223f9171ac63be6a3107cd3db63b027b96ef83ac88fd6ccb42933d4f3c6bf26f82a637df6dbf6160746a741de2ac46ab5b6570c4023e1ea57d297f8eda3e44711a16a9ce7066834b5ec35cbbd5baf2c39f615a1a695025ccd035d452b51a015077c28df814c6ae254e205e6b8afb7f16011f22412ebedeee38685f0721f74c31246e538ff42db94d2ceb09e6950fb15e40f90d9a2a0fa486f173a58cc4/?pl=17&context=1e0d811633d20dd94c351375e543927eda3d8b1a,https://retail.photos.vin/W1K6G7GB7TA357105-1.jpg,Mercedes-Benz of Stevens Creek,San Jose,ca,95129,True,False,True,,0,False,0,False,,,0,12583.0,217
https://api.auto.dev/listings/W1K6G7GB8TA357730,2025-09-03 05:37:21+00:00,US,auto.dev,W1K6G7GB8TA357730,mercedes-benz,s,S 580 4MATIC,2026,car,awd,4.0L 8Cyl premium unleaded (required),8,4,5,premium unleaded (required),automatic,MANUFAKTUR Moonlight White Magno,Macchiato Beige/Grey,130188,6,https://www.carfax.com/VehicleHistory/p/Report.cfx?vin=W1K6G7GB8TA357730&partner=FRD_2,http://details.vast.com/details/cars/ob-48ae10cec45c5264c0c05239af7ac2c3eda678223f9171ac63be6a3107cd3db63b027b96ef83ac88fd6ccb42933d4f3c6bf26f82a637df6dbf6160746a741de2166d3c4c056daa5389f4dff02d02b3d0769004bfe3ae9c8f5bc69b25a4598f21baf2c39f615a1a695025ccd035d452b51a015077c28df814c6ae254e205e6b8afb7f16011f22412ebedeee38685f0721f74c31246e538ff42db94d2ceb09e6950fb15e40f90d9a2a0fa486f173a58cc4/?pl=84&context=1e0d811633d20dd94c351375e543927eda3d8b1a,https://retail.photos.vin/W1K6G7GB8TA357730-1.jpg,House of Imports,Buena Park,ca,90621,True,False,True,,0,False,0,False,,,0,21698.0,229
https://api.auto.dev/listings/W1K6G7GB9TA360541,2025-10-08 13:47:54+00:00,US,auto.dev,W1K6G7GB9TA360541,mercedes-benz,s,S 580 4MATIC,2026,car,awd,4.0L 8Cyl premium unleaded (required),8,4,5,premium unleaded (required),automatic,MANUFAKTUR Silicon Grey,Sienna Brown/Black,130055,8,https://www.carfax.com/VehicleHistory/p/Report.cfx?vin=W1K6G7GB9TA360541&partner=FRD_2,http://details.vast.com/details/cars/ob-48ae10cec45c5264c0c05239af7ac2c3eda678223f9171ac63be6a3107cd3db63b027b96ef83ac88fd6ccb42933d4f3c6bf26f82a637df6dbf6160746a741de2d2cd7f39300c8b1722b124b4f49e288a75fecda815e302fece2b6a3941a15e8af4f9c29ac9cf238a8046f39d8a8725d18d0f8d72e8f8291b10ef18b7962f0a30de5f4389b1cc2c773ae6b28b499c8f0c7b6ad524e9eb26f1797633f545ec82dae17dfe46c2bf13d50b6d06975724cf63/?pl=87&context=1e0d811633d20dd94c351375e543927eda3d8b1a,https://retail.photos.vin/W1K6G7GB9TA360541-1.jpg,House of Imports,Buena Park,ca,90621,True,False,True,,0,False,0,False,,,0,16256.875,194
https://api.auto.dev/listings/W1K6G7GBXNA103259,2026-03-14 15:01:36+00:00,US,auto.dev,W1K6G7GBXNA103259,mercedes-benz,s,S 580 4MATIC,2022,car,awd,4.0L 8Cyl premium unleaded (required),8,4,5,premium unleaded (required),automatic,Onyx Black,Black,67998,19892,https://www.carfax.com/VehicleHistory/p/Report.cfx?vin=W1K6G7GBXNA103259&partner=FRD_2,http://details.vast.com/details/cars/ob-48ae10cec45c5264c0c05239af7ac2c3eda678223f9171ac63be6a3107cd3db63b027b96ef83ac88fd6ccb42933d4f3c6bf26f82a637df6dbf6160746a741de2d19c01e186c8d2f10d52db788c61962e69f1ec5055716fae722a32d0bb62866df4f9c29ac9cf238a8046f39d8a8725d18d0f8d72e8f8291b10ef18b7962f0a30de5f4389b1cc2c773ae6b28b499c8f0c7b6ad524e9eb26f1797633f545ec82dae17dfe46c2bf13d50b6d06975724cf63/?pl=12&context=1e0d811633d20dd94c351375e543927eda3d8b1a,https://retail.photos.vin/W1K6G7GBXNA103259-1.jpg,AutoNation Chevrolet Greenacres,Greenacres,fl,33463,True,False,True,,1,True,2,False,True,Personal Use,4,3.4183591393525035,37
https://api.auto.dev/listings/W1K6G7GBXPA214896,2026-03-17 15:41:12+00:00,US,auto.dev,W1K6G7GBXPA214896,mercedes-benz,s,S 580 4MATIC,2023,car,awd,4.0L 8Cyl premium unleaded (required),8,4,5,premium unleaded (required),automatic,Obsidian Black,Black,76333,22219,https://www.carfax.com/VehicleHistory/p/Report.cfx?vin=W1K6G7GBXPA214896&partner=FRD_2,http://details.vast.com/details/cars/ob-48ae10cec45c5264c0c05239af7ac2c3eda678223f9171ac63be6a3107cd3db63b027b96ef83ac88fd6ccb42933d4f3c6bf26f82a637df6dbf6160746a741de2983523dedca83bbf86b59f9293f70c51042fbbaa3491c4c02647a2231bc770e3f4f9c29ac9cf238a8046f39d8a8725d18d0f8d72e8f8291b10ef18b7962f0a30de5f4389b1cc2c773ae6b28b499c8f0c7b6ad524e9eb26f1797633f545ec82dae17dfe46c2bf13d50b6d06975724cf63/?pl=90&context=1e0d811633d20dd94c351375e543927eda3d8b1a,https://retail.photos.vin/W1K6G7GBXPA214896-1.jpg,House of Imports,Buena Park,ca,90621,True,True,True,,1,True,1,True,True,Personal Use,3,3.435483145056033,34
https://api.auto.dev/listings/W1K6G8CB1SA323557,2026-03-20 19:08:36+00:00,US,auto.dev,W1K6G8CB1SA323557,mercedes-benz,s,AMG S 63 E PERFORMANCE,2025,car,awd,4.0L 8Cyl premium unleaded (required),8,4,5,premium unleaded (required),automatic,MANUFAKTUR Signature Graphite Grey Solid,Black,148888,5806,https://www.carfax.com/VehicleHistory/p/Report.cfx?vin=W1K6G8CB1SA323557&partner=FRD_2,http://details.vast.com/details/cars/ob-48ae10cec45c5264c0c05239af7ac2c3eda678223f9171ac63be6a3107cd3db63b027b96ef83ac88fd6ccb42933d4f3c6bf26f82a637df6dbf6160746a741de2a7fcb08c2026b8f0049965503e3db1bd5999acc7c918b1828c98667d4713a095baf2c39f615a1a695025ccd035d452b51a015077c28df814c6ae254e205e6b8afb7f16011f22412ebedeee38685f0721f74c31246e538ff42db94d2ceb09e6950fb15e40f90d9a2a0fa486f173a58cc4/?pl=55&context=1e0d811633d20dd94c351375e543927eda3d8b1a,https://retail.photos.vin/W1K6G8CB1SA323557-1.jpg,Mercedes-Benz of Stevens Creek,San Jose,ca,95129,True,True,True,,0,False,1,True,True,Personal Use,1,25.6438167413021,31
https://api.auto.dev/listings/W1K6G8CB9TA351091,2026-03-11 18:53:53+00:00,US,auto.dev,W1K6G8CB9TA351091,mercedes-benz,s,AMG S 63 E PERFORMANCE,2026,car,awd,4.0L 8Cyl premium unleaded (required),8,4,5,premium unleaded (required),automatic,Obsidian Black Metallic,Black,178581,448,https://www.carfax.com/VehicleHistory/p/Report.cfx?vin=W1K6G8CB9TA351091&partner=FRD_2,http://details.vast.com/details/cars/ob-48ae10cec45c5264c0c05239af7ac2c3eda678223f9171ac63be6a3107cd3db63b027b96ef83ac88fd6ccb42933d4f3c6bf26f82a637df6dbf6160746a741de278d3ba77d930405382374c113e736c79c2ef737413a222930d3b974f8b2b15daf4f9c29ac9cf238a8046f39d8a8725d18d0f8d72e8f8291b10ef18b7962f0a30de5f4389b1cc2c773ae6b28b499c8f0c7b6ad524e9eb26f1797633f545ec82dae17dfe46c2bf13d50b6d06975724cf63/?pl=49&context=1e0d811633d20dd94c351375e543927eda3d8b1a,https://retail.photos.vin/W1K6G8CB9TA351091-1.jpg,Mercedes-Benz of Houston Greenway,Houston,tx,77027,True,True,True,,0,False,0,False,,Vehicle Use,0,398.61830357142856,40
https://api.auto.dev/listings/W1K6X7GB8PA174916,2026-02-26 00:23:46+00:00,US,auto.dev,W1K6X7GB8PA174916,mercedes-benz,s,S 580 4MATIC,2023,car,awd,4.0L 8Cyl premium unleaded (required),8,4,5,premium unleaded (required),automatic,Black,Black,118410,44921,https://www.carfax.com/VehicleHistory/p/Report.cfx?vin=W1K6X7GB8PA174916&partner=FRD_2,http://details.vast.com/details/cars/ob-48ae10cec45c5264c0c05239af7ac2c3eda678223f9171ac63be6a3107cd3db63b027b96ef83ac88fd6ccb42933d4f3c6bf26f82a637df6dbf6160746a741de2b4e5c8cc2b0b955d3e26867cccecc2edcd750b3444df6d4af7f5097dd11287e4f4f9c29ac9cf238a8046f39d8a8725d18d0f8d72e8f8291b10ef18b7962f0a30de5f4389b1cc2c773ae6b28b499c8f0c7b6ad524e9eb26f1797633f545ec82dae17dfe46c2bf13d50b6d06975724cf63/?pl=7&context=1e0d811633d20dd94c351375e543927eda3d8b1a,https://retail.photos.vin/W1K6X7GB8PA174916-1.jpg,Mercedes-Benz of Pompano,Pompano Beach,fl,33064,True,False,True,,0,False,3,False,True,Personal Use,3,2.635960909151622,53
https://api.auto.dev/listings/WDDUG8DB0LA523322,2026-03-07 15:36:40+00:00,US,auto.dev,WDDUG8DB0LA523322,mercedes-benz,s,S 560,2020,car,rwd,4.0L 8Cyl premium unleaded (required),8,4,5,premium unleaded (required),automatic,Lunar Blue Metallic,Porcelain/Espresso Brown,45495,34275,https://www.carfax.com/VehicleHistory/p/Report.cfx?vin=WDDUG8DB0LA523322&partner=FRD_2,http://details.vast.com/details/cars/ob-48ae10cec45c5264c0c05239af7ac2c3eda678223f9171ac63be6a3107cd3db63b027b96ef83ac88fd6ccb42933d4f3c6bf26f82a637df6dbf6160746a741de213a60c38b3fbd5e39c24efe7d248c6736a6d1deb0e69192b6eff22ef268dfe5ef4f9c29ac9cf238a8046f39d8a8725d18d0f8d72e8f8291b10ef18b7962f0a30de5f4389b1cc2c773ae6b28b499c8f0c7b6ad524e9eb26f1797633f545ec82dae17dfe46c2bf13d50b6d06975724cf63/?pl=7&context=1e0d811633d20dd94c351375e543927eda3d8b1a,https://retail.photos.vin/WDDUG8DB0LA523322-1.jpg,BMW of The Woodlands,The Woodlands,tx,77384,True,False,True,,1,True,3,False,True,Personal Use,6,1.327352297592998,44
https://api.auto.dev/listings/WDDUX7GBXGA152262,2026-01-28 15:39:12+00:00,US,auto.dev,WDDUX7GBXGA152262,mercedes-benz,s,S 600,2016,car,rwd,6.0L 12Cyl premium unleaded (required),12,4,5,premium unleaded (required),automatic,Black,Beige,47299,72284,https://www.carfax.com/VehicleHistory/p/Report.cfx?vin=WDDUX7GBXGA152262&partner=FRD_2,http://details.vast.com/details/cars/ob-48ae10cec45c5264c0c05239af7ac2c3eda678223f9171ac63be6a3107cd3db63b027b96ef83ac88fd6ccb42933d4f3c6bf26f82a637df6dbf6160746a741de218063c8897b81f5cb1b18617397e3d1a91bd91c4d2586282fe56555eb15dc94bf4f9c29ac9cf238a8046f39d8a8725d18d0f8d72e8f8291b10ef18b7962f0a30de5f4389b1cc2c773ae6b28b499c8f0c7b6ad524e9eb26f1797633f545ec82dae17dfe46c2bf13d50b6d06975724cf63/?pl=3&context=1e0d811633d20dd94c351375e543927eda3d8b1a,https://retail.photos.vin/WDDUX7GBXGA152262-1.jpg,Mercedes-Benz of Houston North,Houston,tx,77090,True,False,True,,1,True,3,False,True,Personal Use,10,0.6543495102650656,82
https://api.auto.dev/listings/WDDUX8GB4LA507202,2026-03-17 23:06:54+00:00,US,auto.dev,WDDUX8GB4LA507202,mercedes-benz,s,S 560 4MATIC,2020,car,awd,4.0L 8Cyl premium unleaded (required),8,4,5,premium unleaded (required),automatic,Iridium Silver Metallic,Silk Beige/Espresso Brown,88517,26719,https://www.carfax.com/VehicleHistory/p/Report.cfx?vin=WDDUX8GB4LA507202&partner=FRD_2,http://details.vast.com/details/cars/ob-48ae10cec45c5264c0c05239af7ac2c3eda678223f9171ac63be6a3107cd3db63b027b96ef83ac88fd6ccb42933d4f3c6bf26f82a637df6dbf6160746a741de2a567042f891ad37624646df2de45f23f3285a63fd0c3865c45e2bfce9c4a2c10baf2c39f615a1a695025ccd035d452b51a015077c28df814c6ae254e205e6b8afb7f16011f22412ebedeee38685f0721f74c31246e538ff42db94d2ceb09e6950fb15e40f90d9a2a0fa486f173a58cc4/?pl=0&context=1e0d811633d20dd94c351375e543927eda3d8b1a,https://retail.photos.vin/WDDUX8GB4LA507202-1.jpg,Mercedes-Benz of North Orlando,Sanford,fl,32771,True,True,True,,1,True,2,False,True,Personal Use,6,3.312885961300947,33
https://api.auto.dev/listings/W1K6G6DB3PA195851,2026-03-19 15:04:03+00:00,US,auto.dev,W1K6G6DB3PA195851,mercedes-benz,s,S 500 4MATIC,2023,car,awd,3.0L 6Cyl premium unleaded (required),6,4,5,premium unleaded (required),automatic,Black,Black,69990,22284,https://www.carfax.com/VehicleHistory/p/Report.cfx?vin=W1K6G6DB3PA195851&partner=FRD_2,http://details.vast.com/details/cars/ob-48ae10cec45c5264c0c05239af7ac2c3eda678223f9171ac63be6a3107cd3db63b027b96ef83ac88fd6ccb42933d4f3c6bf26f82a637df6dbf6160746a741de2158d8d26476d272cb0f3458dac1d7ea16045e88a1970f22ece36b64488f92041baf2c39f615a1a695025ccd035d452b51a015077c28df814c6ae254e205e6b8afb7f16011f22412ebedeee38685f0721f74c31246e538ff42db94d2ceb09e6950fb15e40f90d9a2a0fa486f173a58cc4/?pl=67&context=1e0d811633d20dd94c351375e543927eda3d8b1a,https://retail.photos.vin/W1K6G6DB3PA195851-1.jpg,Mercedes-Benz of Pompano Beach,Pompano Beach,fl,33064,True,True,True,,1,True,1,True,True,Personal Use,3,3.140818524501885,32
https://api.auto.dev/listings/W1K6G6DB9PA175197,2026-02-24 23:02:43+00:00,US,auto.dev,W1K6G6DB9PA175197,mercedes-benz,s,S 500 4MATIC,2023,car,awd,3.0L 6Cyl premium unleaded (required),6,4,5,premium unleaded (required),automatic,Black,Black,77404,11287,https://www.carfax.com/VehicleHistory/p/Report.cfx?vin=W1K6G6DB9PA175197&partner=FRD_2,#6583170568796638467,https://retail.photos.vin/W1K6G6DB9PA175197-1.jpg,Mercedes-Benz of Chicago,Chicago,il,60642,True,False,True,,0,False,1,True,True,Personal Use,3,6.857801010011518,54
https://api.auto.dev/listings/W1K6G6KB7RA277992,2026-03-13 23:18:13+00:00,US,auto.dev,W1K6G6KB7RA277992,mercedes-benz,s,S 580e 4MATIC,2024,car,awd,3.0L 6Cyl premium unleaded (required),6,4,5,premium unleaded (required),automatic,Black,Tan,93498,14698,https://www.carfax.com/VehicleHistory/p/Report.cfx?vin=W1K6G6KB7RA277992&partner=FRD_2,http://details.vast.com/details/cars/ob-48ae10cec45c5264c0c05239af7ac2c3eda678223f9171ac63be6a3107cd3db63b027b96ef83ac88fd6ccb42933d4f3c6bf26f82a637df6dbf6160746a741de210d67ac552ec468c37059b102dd2875bd56feefc4ff1620c1d2c371e6a6508eec8bf3a7cc5503867f53a96a40e5f84ab7aa2ab8a3e0ebc2628bfccb20573428afb7f16011f22412ebedeee38685f0721f74c31246e538ff42db94d2ceb09e6950fb15e40f90d9a2a0fa486f173a58cc4/?pl=33&context=1e0d811633d20dd94c351375e543927eda3d8b1a,https://retail.photos.vin/W1K6G6KB7RA277992-1.jpg,Mercedes-Benz of Coconut Creek,Pompano Beach,fl,33073,True,True,True,,1,True,1,True,True,Personal Use,2,6.361273642672472,37
https://api.auto.dev/listings/W1K6G7GB4PA231354,2026-03-14 15:15:35+00:00,US,auto.dev,W1K6G7GB4PA231354,mercedes-benz,s,S 580 4MATIC,2023,car,awd,4.0L 8Cyl premium unleaded (required),8,4,5,premium unleaded (required),automatic,Black,Black,74495,33314,https://www.carfax.com/VehicleHistory/p/Report.cfx?vin=W1K6G7GB4PA231354&partner=FRD_2,http://details.vast.com/details/cars/ob-48ae10cec45c5264c0c05239af7ac2c3eda678223f9171ac63be6a3107cd3db63b027b96ef83ac88fd6ccb42933d4f3c6bf26f82a637df6dbf6160746a741de2fdaba7a59fc9af83b3df71f7cf2f6075850ca3f93e4eb0329cd3a09998968471baf2c39f615a1a695025ccd035d452b51a015077c28df814c6ae254e205e6b8afb7f16011f22412ebedeee38685f0721f74c31246e538ff42db94d2ceb09e6950fb15e40f90d9a2a0fa486f173a58cc4/?pl=96&context=1e0d811633d20dd94c351375e543927eda3d8b1a,https://retail.photos.vin/W1K6G7GB4PA231354-1.jpg,Mercedes-Benz of Miami,Miami,fl,33169,True,True,True,,1,True,1,True,,Corporate Use,3,2.236146965239839,37
